Name, Address, Telephone, Mobile, Fax, Email, Website, Contact person
A & B TRADING LLC. IN DUBAI UNITED ARAB EMIRATES., A & B TRADING LLC P.O.BOX: 44378 DEIRA DUBAI UNITED ARAB EMIRATES., +97142254456, NaN, +97142351455, textrade@emirates.net.ae, https://www.abtextrade.com, NaN
A & E CONNOCK LTD. IN UNITED KINGDOM., A & E CONNOCK LTD ALDERHOLT MILL HOUSE FORDINGBRIDGE SP6 1PU UNITED KINGDOM., +441425653367, NaN, +441425656041, sales@connock.co.uk, https://www.connock.co.uk, NaN
A & K INTERNATIONAL TRADING LLC. IN DUBAI UNITED ARAB EMIRATES., A & K INTERNATIONAL TRADING LLC P.O.BOX: 31800 DUBAI UNITED ARAB EMIRATES., +97142230333, NaN, +97142223535, a-and-k@emirates.net.ae, NaN, NaN
A & P GENERAL TRADING LLC. IN DUBAI UNITED ARAB EMIRATES., A & P GENERAL TRADING LLC P.O.BOX: 32231 DUBAI UNITED ARAB EMIRATES., +97142730700, NaN, +97142730600, NaN, NaN, NaN
A & P PARASKEVAIDES EMIRATES LLC. IN DUBAI UNITED ARAB EMIRATES., A & P PARASKEVAIDES EMIRATES LLC P.O.BOX: 14283 DUBAI UNITED ARAB EMIRATES., +97143347008, NaN, +97143344189, anbdubai@emirates.net.ae, NaN, NaN
A & S REAL ESTATE BROKERS. IN DUBAI UNITED ARAB EMIRATES., A & S REAL ESTATE BROKERS P.O.BOX: 117311 DUBAI UNITED ARAB EMIRATES., +97142277699, NaN, +97142236089, aandsrealestate@hotmail.com, NaN, NaN
A + CLEANING SERVICES LLC. IN DUBAI UNITED ARAB EMIRATES., A + CLEANING SERVICES LLC P.O.BOX: 93 DUBAI UNITED ARAB EMIRATES., +97142821251, NaN, +97142821534, NaN, NaN, NaN
A - 1 ACTION FILMZ. IN DUBAI UNITED ARAB EMIRATES., A - 1 ACTION FILMZ P.O.BOX: 11830 DUBAI UNITED ARAB EMIRATES., +97143453332, NaN, NaN, NaN, NaN, NaN
A - AL BLOUKI BUILDING CONTRACTING. IN DUBAI UNITED ARAB EMIRATES., A - AL BLOUKI BUILDING CONTRACTING P.O.BOX: 111484 DUBAI UNITED ARAB EMIRATES., +97142218880, NaN, +97142281810, albloki@emirates.net.ae, NaN, NaN
A - MAFHH TRADING COMPANY LLC. IN DUBAI UNITED ARAB EMIRATES., A - MAFHH TRADING COMPANY LLC P.O.BOX: 13334 DUBAI UNITED ARAB EMIRATES., NaN, NaN, NaN, NaN, NaN, NaN
A - SUNG PRECISION INDUSTRY. IN KOREA REPUBLIC OF., A - SUNG PRECISION INDUSTRY #704 - 900 GALSAN DONG DALSEOGU DAEGU KOREA REPUBLIC OF., +82535822737, NaN, +82535817043, _asung@aspi.co.kr, https://www.aspi.co.kr, NaN
A . K . N WORLD TRADE LLC. IN DUBAI UNITED ARAB EMIRATES., A . K . N WORLD TRADE LLC P.O.BOX: 74082 DUBAI UNITED ARAB EMIRATES., +97143312667, NaN, +97143312677, info@aknworld.com, https://www.aknworld.com, NaN
A 1 DECOR AND GENERAL MAINTENANCE. IN DUBAI UNITED ARAB EMIRATES., A 1 DECOR AND GENERAL MAINTENANCE P.O.BOX: 90041 DUBAI UNITED ARAB EMIRATES., +97143552224, NaN, +97143558299, NaN, NaN, NaN
